"t","n","value"
1,"arg",0.43669
1,"aus",1.05929
1,"aut",1.09708
1,"bel",1.11992
1,"bgr",0.38021
1,"blt",0.554958265763977
1,"bra",0.56238
1,"can",1.0017
1,"chl",0.59654
1,"chn",0.42084
1,"cor",0.77037
1,"cro",0.65723
1,"dnk",1.43252
1,"egy",0.26947
1,"esp",0.95248
1,"fin",1.21818
1,"fra",1.15053
1,"gbr",1.15793
1,"golf57",0.545099780698169
1,"grc",0.89773
1,"hun",0.64306
1,"idn",0.40572
1,"irl",1.25872
1,"ita",1.07448
1,"jpn",1.17537
1,"meme",0.650981336034221
1,"mex",0.65406
1,"mys",0.45808
1,"nde",0.33256
1,"nld",1.11646
1,"noan",0.52990191883624
1,"noap",0.469527423443284
1,"nor",1.38123
1,"oeu",0.659932378049513
1,"osea",0.566809253912094
1,"pol",0.57821
1,"prt",0.8525
1,"rcam",0.677428722501245
1,"rcz",0.57222
1,"rfa",1.08152
1,"ris",0.394271860780595
1,"rjan57",0.979984650850597
1,"rom",0.48921
1,"rsaf",0.449213431842169
1,"rsam",0.474792984460377
1,"rsas",0.338227045592511
1,"rsl",0.55067
1,"rus",0.4501
1,"slo",0.76177
1,"sui",1.39965
1,"swe",1.25505
1,"tha",0.39612
1,"tur",0.61809
1,"ukr",0.32768
1,"usa",1
1,"vnm",0.29724
1,"zaf",0.60863
2,"arg",0.43669
2,"aus",1.05929
2,"aut",1.09708
2,"bel",1.11992
2,"bgr",0.38021
2,"blt",0.554958265763977
2,"bra",0.56238
2,"can",1.0017
2,"chl",0.59654
2,"chn",0.42084
2,"cor",0.77037
2,"cro",0.65723
2,"dnk",1.43252
2,"egy",0.26947
2,"esp",0.95248
2,"fin",1.21818
2,"fra",1.15053
2,"gbr",1.15793
2,"golf57",0.545099780698169
2,"grc",0.89773
2,"hun",0.64306
2,"idn",0.40572
2,"irl",1.25872
2,"ita",1.07448
2,"jpn",1.17537
2,"meme",0.650981336034221
2,"mex",0.65406
2,"mys",0.45808
2,"nde",0.33256
2,"nld",1.11646
2,"noan",0.52990191883624
2,"noap",0.469527423443284
2,"nor",1.38123
2,"oeu",0.659932378049513
2,"osea",0.566809253912094
2,"pol",0.57821
2,"prt",0.8525
2,"rcam",0.677428722501245
2,"rcz",0.57222
2,"rfa",1.08152
2,"ris",0.394271860780595
2,"rjan57",0.979984650850597
2,"rom",0.48921
2,"rsaf",0.449213431842169
2,"rsam",0.474792984460377
2,"rsas",0.338227045592511
2,"rsl",0.55067
2,"rus",0.4501
2,"slo",0.76177
2,"sui",1.39965
2,"swe",1.25505
2,"tha",0.39612
2,"tur",0.61809
2,"ukr",0.32768
2,"usa",1
2,"vnm",0.29724
2,"zaf",0.60863
3,"arg",0.43669
3,"aus",1.05929
3,"aut",1.09708
3,"bel",1.11992
3,"bgr",0.38021
3,"blt",0.554958265763977
3,"bra",0.56238
3,"can",1.0017
3,"chl",0.59654
3,"chn",0.42084
3,"cor",0.77037
3,"cro",0.65723
3,"dnk",1.43252
3,"egy",0.26947
3,"esp",0.95248
3,"fin",1.21818
3,"fra",1.15053
3,"gbr",1.15793
3,"golf57",0.545099780698169
3,"grc",0.89773
3,"hun",0.64306
3,"idn",0.40572
3,"irl",1.25872
3,"ita",1.07448
3,"jpn",1.17537
3,"meme",0.650981336034221
3,"mex",0.65406
3,"mys",0.45808
3,"nde",0.33256
3,"nld",1.11646
3,"noan",0.52990191883624
3,"noap",0.469527423443284
3,"nor",1.38123
3,"oeu",0.659932378049513
3,"osea",0.566809253912094
3,"pol",0.57821
3,"prt",0.8525
3,"rcam",0.677428722501245
3,"rcz",0.57222
3,"rfa",1.08152
3,"ris",0.394271860780595
3,"rjan57",0.979984650850597
3,"rom",0.48921
3,"rsaf",0.449213431842169
3,"rsam",0.474792984460377
3,"rsas",0.338227045592511
3,"rsl",0.55067
3,"rus",0.4501
3,"slo",0.76177
3,"sui",1.39965
3,"swe",1.25505
3,"tha",0.39612
3,"tur",0.61809
3,"ukr",0.32768
3,"usa",1
3,"vnm",0.29724
3,"zaf",0.60863
4,"arg",0.43669
4,"aus",1.05929
4,"aut",1.09708
4,"bel",1.11992
4,"bgr",0.38021
4,"blt",0.554958265763977
4,"bra",0.56238
4,"can",1.0017
4,"chl",0.59654
4,"chn",0.42084
4,"cor",0.77037
4,"cro",0.65723
4,"dnk",1.43252
4,"egy",0.26947
4,"esp",0.95248
4,"fin",1.21818
4,"fra",1.15053
4,"gbr",1.15793
4,"golf57",0.545099780698169
4,"grc",0.89773
4,"hun",0.64306
4,"idn",0.40572
4,"irl",1.25872
4,"ita",1.07448
4,"jpn",1.17537
4,"meme",0.650981336034221
4,"mex",0.65406
4,"mys",0.45808
4,"nde",0.33256
4,"nld",1.11646
4,"noan",0.52990191883624
4,"noap",0.469527423443284
4,"nor",1.38123
4,"oeu",0.659932378049513
4,"osea",0.566809253912094
4,"pol",0.57821
4,"prt",0.8525
4,"rcam",0.677428722501245
4,"rcz",0.57222
4,"rfa",1.08152
4,"ris",0.394271860780595
4,"rjan57",0.979984650850597
4,"rom",0.48921
4,"rsaf",0.449213431842169
4,"rsam",0.474792984460377
4,"rsas",0.338227045592511
4,"rsl",0.55067
4,"rus",0.4501
4,"slo",0.76177
4,"sui",1.39965
4,"swe",1.25505
4,"tha",0.39612
4,"tur",0.61809
4,"ukr",0.32768
4,"usa",1
4,"vnm",0.29724
4,"zaf",0.60863
5,"arg",0.43669
5,"aus",1.05929
5,"aut",1.09708
5,"bel",1.11992
5,"bgr",0.38021
5,"blt",0.554958265763977
5,"bra",0.56238
5,"can",1.0017
5,"chl",0.59654
5,"chn",0.42084
5,"cor",0.77037
5,"cro",0.65723
5,"dnk",1.43252
5,"egy",0.26947
5,"esp",0.95248
5,"fin",1.21818
5,"fra",1.15053
5,"gbr",1.15793
5,"golf57",0.545099780698169
5,"grc",0.89773
5,"hun",0.64306
5,"idn",0.40572
5,"irl",1.25872
5,"ita",1.07448
5,"jpn",1.17537
5,"meme",0.650981336034221
5,"mex",0.65406
5,"mys",0.45808
5,"nde",0.33256
5,"nld",1.11646
5,"noan",0.52990191883624
5,"noap",0.469527423443284
5,"nor",1.38123
5,"oeu",0.659932378049513
5,"osea",0.566809253912094
5,"pol",0.57821
5,"prt",0.8525
5,"rcam",0.677428722501245
5,"rcz",0.57222
5,"rfa",1.08152
5,"ris",0.394271860780595
5,"rjan57",0.979984650850597
5,"rom",0.48921
5,"rsaf",0.449213431842169
5,"rsam",0.474792984460377
5,"rsas",0.338227045592511
5,"rsl",0.55067
5,"rus",0.4501
5,"slo",0.76177
5,"sui",1.39965
5,"swe",1.25505
5,"tha",0.39612
5,"tur",0.61809
5,"ukr",0.32768
5,"usa",1
5,"vnm",0.29724
5,"zaf",0.60863
6,"arg",0.43669
6,"aus",1.05929
6,"aut",1.09708
6,"bel",1.11992
6,"bgr",0.38021
6,"blt",0.554958265763977
6,"bra",0.56238
6,"can",1.0017
6,"chl",0.59654
6,"chn",0.42084
6,"cor",0.77037
6,"cro",0.65723
6,"dnk",1.43252
6,"egy",0.26947
6,"esp",0.95248
6,"fin",1.21818
6,"fra",1.15053
6,"gbr",1.15793
6,"golf57",0.545099780698169
6,"grc",0.89773
6,"hun",0.64306
6,"idn",0.40572
6,"irl",1.25872
6,"ita",1.07448
6,"jpn",1.17537
6,"meme",0.650981336034221
6,"mex",0.65406
6,"mys",0.45808
6,"nde",0.33256
6,"nld",1.11646
6,"noan",0.52990191883624
6,"noap",0.469527423443284
6,"nor",1.38123
6,"oeu",0.659932378049513
6,"osea",0.566809253912094
6,"pol",0.57821
6,"prt",0.8525
6,"rcam",0.677428722501245
6,"rcz",0.57222
6,"rfa",1.08152
6,"ris",0.394271860780595
6,"rjan57",0.979984650850597
6,"rom",0.48921
6,"rsaf",0.449213431842169
6,"rsam",0.474792984460377
6,"rsas",0.338227045592511
6,"rsl",0.55067
6,"rus",0.4501
6,"slo",0.76177
6,"sui",1.39965
6,"swe",1.25505
6,"tha",0.39612
6,"tur",0.61809
6,"ukr",0.32768
6,"usa",1
6,"vnm",0.29724
6,"zaf",0.60863
7,"arg",0.43669
7,"aus",1.05929
7,"aut",1.09708
7,"bel",1.11992
7,"bgr",0.38021
7,"blt",0.554958265763977
7,"bra",0.56238
7,"can",1.0017
7,"chl",0.59654
7,"chn",0.42084
7,"cor",0.77037
7,"cro",0.65723
7,"dnk",1.43252
7,"egy",0.26947
7,"esp",0.95248
7,"fin",1.21818
7,"fra",1.15053
7,"gbr",1.15793
7,"golf57",0.545099780698169
7,"grc",0.89773
7,"hun",0.64306
7,"idn",0.40572
7,"irl",1.25872
7,"ita",1.07448
7,"jpn",1.17537
7,"meme",0.650981336034221
7,"mex",0.65406
7,"mys",0.45808
7,"nde",0.33256
7,"nld",1.11646
7,"noan",0.52990191883624
7,"noap",0.469527423443284
7,"nor",1.38123
7,"oeu",0.659932378049513
7,"osea",0.566809253912094
7,"pol",0.57821
7,"prt",0.8525
7,"rcam",0.677428722501245
7,"rcz",0.57222
7,"rfa",1.08152
7,"ris",0.394271860780595
7,"rjan57",0.979984650850597
7,"rom",0.48921
7,"rsaf",0.449213431842169
7,"rsam",0.474792984460377
7,"rsas",0.338227045592511
7,"rsl",0.55067
7,"rus",0.4501
7,"slo",0.76177
7,"sui",1.39965
7,"swe",1.25505
7,"tha",0.39612
7,"tur",0.61809
7,"ukr",0.32768
7,"usa",1
7,"vnm",0.29724
7,"zaf",0.60863
8,"arg",0.43669
8,"aus",1.05929
8,"aut",1.09708
8,"bel",1.11992
8,"bgr",0.38021
8,"blt",0.554958265763977
8,"bra",0.56238
8,"can",1.0017
8,"chl",0.59654
8,"chn",0.42084
8,"cor",0.77037
8,"cro",0.65723
8,"dnk",1.43252
8,"egy",0.26947
8,"esp",0.95248
8,"fin",1.21818
8,"fra",1.15053
8,"gbr",1.15793
8,"golf57",0.545099780698169
8,"grc",0.89773
8,"hun",0.64306
8,"idn",0.40572
8,"irl",1.25872
8,"ita",1.07448
8,"jpn",1.17537
8,"meme",0.650981336034221
8,"mex",0.65406
8,"mys",0.45808
8,"nde",0.33256
8,"nld",1.11646
8,"noan",0.52990191883624
8,"noap",0.469527423443284
8,"nor",1.38123
8,"oeu",0.659932378049513
8,"osea",0.566809253912094
8,"pol",0.57821
8,"prt",0.8525
8,"rcam",0.677428722501245
8,"rcz",0.57222
8,"rfa",1.08152
8,"ris",0.394271860780595
8,"rjan57",0.979984650850597
8,"rom",0.48921
8,"rsaf",0.449213431842169
8,"rsam",0.474792984460377
8,"rsas",0.338227045592511
8,"rsl",0.55067
8,"rus",0.4501
8,"slo",0.76177
8,"sui",1.39965
8,"swe",1.25505
8,"tha",0.39612
8,"tur",0.61809
8,"ukr",0.32768
8,"usa",1
8,"vnm",0.29724
8,"zaf",0.60863
9,"arg",0.43669
9,"aus",1.05929
9,"aut",1.09708
9,"bel",1.11992
9,"bgr",0.38021
9,"blt",0.554958265763977
9,"bra",0.56238
9,"can",1.0017
9,"chl",0.59654
9,"chn",0.42084
9,"cor",0.77037
9,"cro",0.65723
9,"dnk",1.43252
9,"egy",0.26947
9,"esp",0.95248
9,"fin",1.21818
9,"fra",1.15053
9,"gbr",1.15793
9,"golf57",0.545099780698169
9,"grc",0.89773
9,"hun",0.64306
9,"idn",0.40572
9,"irl",1.25872
9,"ita",1.07448
9,"jpn",1.17537
9,"meme",0.650981336034221
9,"mex",0.65406
9,"mys",0.45808
9,"nde",0.33256
9,"nld",1.11646
9,"noan",0.52990191883624
9,"noap",0.469527423443284
9,"nor",1.38123
9,"oeu",0.659932378049513
9,"osea",0.566809253912094
9,"pol",0.57821
9,"prt",0.8525
9,"rcam",0.677428722501245
9,"rcz",0.57222
9,"rfa",1.08152
9,"ris",0.394271860780595
9,"rjan57",0.979984650850597
9,"rom",0.48921
9,"rsaf",0.449213431842169
9,"rsam",0.474792984460377
9,"rsas",0.338227045592511
9,"rsl",0.55067
9,"rus",0.4501
9,"slo",0.76177
9,"sui",1.39965
9,"swe",1.25505
9,"tha",0.39612
9,"tur",0.61809
9,"ukr",0.32768
9,"usa",1
9,"vnm",0.29724
9,"zaf",0.60863
10,"arg",0.43669
10,"aus",1.05929
10,"aut",1.09708
10,"bel",1.11992
10,"bgr",0.38021
10,"blt",0.554958265763977
10,"bra",0.56238
10,"can",1.0017
10,"chl",0.59654
10,"chn",0.42084
10,"cor",0.77037
10,"cro",0.65723
10,"dnk",1.43252
10,"egy",0.26947
10,"esp",0.95248
10,"fin",1.21818
10,"fra",1.15053
10,"gbr",1.15793
10,"golf57",0.545099780698169
10,"grc",0.89773
10,"hun",0.64306
10,"idn",0.40572
10,"irl",1.25872
10,"ita",1.07448
10,"jpn",1.17537
10,"meme",0.650981336034221
10,"mex",0.65406
10,"mys",0.45808
10,"nde",0.33256
10,"nld",1.11646
10,"noan",0.52990191883624
10,"noap",0.469527423443284
10,"nor",1.38123
10,"oeu",0.659932378049513
10,"osea",0.566809253912094
10,"pol",0.57821
10,"prt",0.8525
10,"rcam",0.677428722501245
10,"rcz",0.57222
10,"rfa",1.08152
10,"ris",0.394271860780595
10,"rjan57",0.979984650850597
10,"rom",0.48921
10,"rsaf",0.449213431842169
10,"rsam",0.474792984460377
10,"rsas",0.338227045592511
10,"rsl",0.55067
10,"rus",0.4501
10,"slo",0.76177
10,"sui",1.39965
10,"swe",1.25505
10,"tha",0.39612
10,"tur",0.61809
10,"ukr",0.32768
10,"usa",1
10,"vnm",0.29724
10,"zaf",0.60863
11,"arg",0.43669
11,"aus",1.05929
11,"aut",1.09708
11,"bel",1.11992
11,"bgr",0.38021
11,"blt",0.554958265763977
11,"bra",0.56238
11,"can",1.0017
11,"chl",0.59654
11,"chn",0.42084
11,"cor",0.77037
11,"cro",0.65723
11,"dnk",1.43252
11,"egy",0.26947
11,"esp",0.95248
11,"fin",1.21818
11,"fra",1.15053
11,"gbr",1.15793
11,"golf57",0.545099780698169
11,"grc",0.89773
11,"hun",0.64306
11,"idn",0.40572
11,"irl",1.25872
11,"ita",1.07448
11,"jpn",1.17537
11,"meme",0.650981336034221
11,"mex",0.65406
11,"mys",0.45808
11,"nde",0.33256
11,"nld",1.11646
11,"noan",0.52990191883624
11,"noap",0.469527423443284
11,"nor",1.38123
11,"oeu",0.659932378049513
11,"osea",0.566809253912094
11,"pol",0.57821
11,"prt",0.8525
11,"rcam",0.677428722501245
11,"rcz",0.57222
11,"rfa",1.08152
11,"ris",0.394271860780595
11,"rjan57",0.979984650850597
11,"rom",0.48921
11,"rsaf",0.449213431842169
11,"rsam",0.474792984460377
11,"rsas",0.338227045592511
11,"rsl",0.55067
11,"rus",0.4501
11,"slo",0.76177
11,"sui",1.39965
11,"swe",1.25505
11,"tha",0.39612
11,"tur",0.61809
11,"ukr",0.32768
11,"usa",1
11,"vnm",0.29724
11,"zaf",0.60863
12,"arg",0.43669
12,"aus",1.05929
12,"aut",1.09708
12,"bel",1.11992
12,"bgr",0.38021
12,"blt",0.554958265763977
12,"bra",0.56238
12,"can",1.0017
12,"chl",0.59654
12,"chn",0.42084
12,"cor",0.77037
12,"cro",0.65723
12,"dnk",1.43252
12,"egy",0.26947
12,"esp",0.95248
12,"fin",1.21818
12,"fra",1.15053
12,"gbr",1.15793
12,"golf57",0.545099780698169
12,"grc",0.89773
12,"hun",0.64306
12,"idn",0.40572
12,"irl",1.25872
12,"ita",1.07448
12,"jpn",1.17537
12,"meme",0.650981336034221
12,"mex",0.65406
12,"mys",0.45808
12,"nde",0.33256
12,"nld",1.11646
12,"noan",0.52990191883624
12,"noap",0.469527423443284
12,"nor",1.38123
12,"oeu",0.659932378049513
12,"osea",0.566809253912094
12,"pol",0.57821
12,"prt",0.8525
12,"rcam",0.677428722501245
12,"rcz",0.57222
12,"rfa",1.08152
12,"ris",0.394271860780595
12,"rjan57",0.979984650850597
12,"rom",0.48921
12,"rsaf",0.449213431842169
12,"rsam",0.474792984460377
12,"rsas",0.338227045592511
12,"rsl",0.55067
12,"rus",0.4501
12,"slo",0.76177
12,"sui",1.39965
12,"swe",1.25505
12,"tha",0.39612
12,"tur",0.61809
12,"ukr",0.32768
12,"usa",1
12,"vnm",0.29724
12,"zaf",0.60863
13,"arg",0.43669
13,"aus",1.05929
13,"aut",1.09708
13,"bel",1.11992
13,"bgr",0.38021
13,"blt",0.554958265763977
13,"bra",0.56238
13,"can",1.0017
13,"chl",0.59654
13,"chn",0.42084
13,"cor",0.77037
13,"cro",0.65723
13,"dnk",1.43252
13,"egy",0.26947
13,"esp",0.95248
13,"fin",1.21818
13,"fra",1.15053
13,"gbr",1.15793
13,"golf57",0.545099780698169
13,"grc",0.89773
13,"hun",0.64306
13,"idn",0.40572
13,"irl",1.25872
13,"ita",1.07448
13,"jpn",1.17537
13,"meme",0.650981336034221
13,"mex",0.65406
13,"mys",0.45808
13,"nde",0.33256
13,"nld",1.11646
13,"noan",0.52990191883624
13,"noap",0.469527423443284
13,"nor",1.38123
13,"oeu",0.659932378049513
13,"osea",0.566809253912094
13,"pol",0.57821
13,"prt",0.8525
13,"rcam",0.677428722501245
13,"rcz",0.57222
13,"rfa",1.08152
13,"ris",0.394271860780595
13,"rjan57",0.979984650850597
13,"rom",0.48921
13,"rsaf",0.449213431842169
13,"rsam",0.474792984460377
13,"rsas",0.338227045592511
13,"rsl",0.55067
13,"rus",0.4501
13,"slo",0.76177
13,"sui",1.39965
13,"swe",1.25505
13,"tha",0.39612
13,"tur",0.61809
13,"ukr",0.32768
13,"usa",1
13,"vnm",0.29724
13,"zaf",0.60863
14,"arg",0.43669
14,"aus",1.05929
14,"aut",1.09708
14,"bel",1.11992
14,"bgr",0.38021
14,"blt",0.554958265763977
14,"bra",0.56238
14,"can",1.0017
14,"chl",0.59654
14,"chn",0.42084
14,"cor",0.77037
14,"cro",0.65723
14,"dnk",1.43252
14,"egy",0.26947
14,"esp",0.95248
14,"fin",1.21818
14,"fra",1.15053
14,"gbr",1.15793
14,"golf57",0.545099780698169
14,"grc",0.89773
14,"hun",0.64306
14,"idn",0.40572
14,"irl",1.25872
14,"ita",1.07448
14,"jpn",1.17537
14,"meme",0.650981336034221
14,"mex",0.65406
14,"mys",0.45808
14,"nde",0.33256
14,"nld",1.11646
14,"noan",0.52990191883624
14,"noap",0.469527423443284
14,"nor",1.38123
14,"oeu",0.659932378049513
14,"osea",0.566809253912094
14,"pol",0.57821
14,"prt",0.8525
14,"rcam",0.677428722501245
14,"rcz",0.57222
14,"rfa",1.08152
14,"ris",0.394271860780595
14,"rjan57",0.979984650850597
14,"rom",0.48921
14,"rsaf",0.449213431842169
14,"rsam",0.474792984460377
14,"rsas",0.338227045592511
14,"rsl",0.55067
14,"rus",0.4501
14,"slo",0.76177
14,"sui",1.39965
14,"swe",1.25505
14,"tha",0.39612
14,"tur",0.61809
14,"ukr",0.32768
14,"usa",1
14,"vnm",0.29724
14,"zaf",0.60863
15,"arg",0.43669
15,"aus",1.05929
15,"aut",1.09708
15,"bel",1.11992
15,"bgr",0.38021
15,"blt",0.554958265763977
15,"bra",0.56238
15,"can",1.0017
15,"chl",0.59654
15,"chn",0.42084
15,"cor",0.77037
15,"cro",0.65723
15,"dnk",1.43252
15,"egy",0.26947
15,"esp",0.95248
15,"fin",1.21818
15,"fra",1.15053
15,"gbr",1.15793
15,"golf57",0.545099780698169
15,"grc",0.89773
15,"hun",0.64306
15,"idn",0.40572
15,"irl",1.25872
15,"ita",1.07448
15,"jpn",1.17537
15,"meme",0.650981336034221
15,"mex",0.65406
15,"mys",0.45808
15,"nde",0.33256
15,"nld",1.11646
15,"noan",0.52990191883624
15,"noap",0.469527423443284
15,"nor",1.38123
15,"oeu",0.659932378049513
15,"osea",0.566809253912094
15,"pol",0.57821
15,"prt",0.8525
15,"rcam",0.677428722501245
15,"rcz",0.57222
15,"rfa",1.08152
15,"ris",0.394271860780595
15,"rjan57",0.979984650850597
15,"rom",0.48921
15,"rsaf",0.449213431842169
15,"rsam",0.474792984460377
15,"rsas",0.338227045592511
15,"rsl",0.55067
15,"rus",0.4501
15,"slo",0.76177
15,"sui",1.39965
15,"swe",1.25505
15,"tha",0.39612
15,"tur",0.61809
15,"ukr",0.32768
15,"usa",1
15,"vnm",0.29724
15,"zaf",0.60863
16,"arg",0.43669
16,"aus",1.05929
16,"aut",1.09708
16,"bel",1.11992
16,"bgr",0.38021
16,"blt",0.554958265763977
16,"bra",0.56238
16,"can",1.0017
16,"chl",0.59654
16,"chn",0.42084
16,"cor",0.77037
16,"cro",0.65723
16,"dnk",1.43252
16,"egy",0.26947
16,"esp",0.95248
16,"fin",1.21818
16,"fra",1.15053
16,"gbr",1.15793
16,"golf57",0.545099780698169
16,"grc",0.89773
16,"hun",0.64306
16,"idn",0.40572
16,"irl",1.25872
16,"ita",1.07448
16,"jpn",1.17537
16,"meme",0.650981336034221
16,"mex",0.65406
16,"mys",0.45808
16,"nde",0.33256
16,"nld",1.11646
16,"noan",0.52990191883624
16,"noap",0.469527423443284
16,"nor",1.38123
16,"oeu",0.659932378049513
16,"osea",0.566809253912094
16,"pol",0.57821
16,"prt",0.8525
16,"rcam",0.677428722501245
16,"rcz",0.57222
16,"rfa",1.08152
16,"ris",0.394271860780595
16,"rjan57",0.979984650850597
16,"rom",0.48921
16,"rsaf",0.449213431842169
16,"rsam",0.474792984460377
16,"rsas",0.338227045592511
16,"rsl",0.55067
16,"rus",0.4501
16,"slo",0.76177
16,"sui",1.39965
16,"swe",1.25505
16,"tha",0.39612
16,"tur",0.61809
16,"ukr",0.32768
16,"usa",1
16,"vnm",0.29724
16,"zaf",0.60863
17,"arg",0.43669
17,"aus",1.05929
17,"aut",1.09708
17,"bel",1.11992
17,"bgr",0.38021
17,"blt",0.554958265763977
17,"bra",0.56238
17,"can",1.0017
17,"chl",0.59654
17,"chn",0.42084
17,"cor",0.77037
17,"cro",0.65723
17,"dnk",1.43252
17,"egy",0.26947
17,"esp",0.95248
17,"fin",1.21818
17,"fra",1.15053
17,"gbr",1.15793
17,"golf57",0.545099780698169
17,"grc",0.89773
17,"hun",0.64306
17,"idn",0.40572
17,"irl",1.25872
17,"ita",1.07448
17,"jpn",1.17537
17,"meme",0.650981336034221
17,"mex",0.65406
17,"mys",0.45808
17,"nde",0.33256
17,"nld",1.11646
17,"noan",0.52990191883624
17,"noap",0.469527423443284
17,"nor",1.38123
17,"oeu",0.659932378049513
17,"osea",0.566809253912094
17,"pol",0.57821
17,"prt",0.8525
17,"rcam",0.677428722501245
17,"rcz",0.57222
17,"rfa",1.08152
17,"ris",0.394271860780595
17,"rjan57",0.979984650850597
17,"rom",0.48921
17,"rsaf",0.449213431842169
17,"rsam",0.474792984460377
17,"rsas",0.338227045592511
17,"rsl",0.55067
17,"rus",0.4501
17,"slo",0.76177
17,"sui",1.39965
17,"swe",1.25505
17,"tha",0.39612
17,"tur",0.61809
17,"ukr",0.32768
17,"usa",1
17,"vnm",0.29724
17,"zaf",0.60863
18,"arg",0.43669
18,"aus",1.05929
18,"aut",1.09708
18,"bel",1.11992
18,"bgr",0.38021
18,"blt",0.554958265763977
18,"bra",0.56238
18,"can",1.0017
18,"chl",0.59654
18,"chn",0.42084
18,"cor",0.77037
18,"cro",0.65723
18,"dnk",1.43252
18,"egy",0.26947
18,"esp",0.95248
18,"fin",1.21818
18,"fra",1.15053
18,"gbr",1.15793
18,"golf57",0.545099780698169
18,"grc",0.89773
18,"hun",0.64306
18,"idn",0.40572
18,"irl",1.25872
18,"ita",1.07448
18,"jpn",1.17537
18,"meme",0.650981336034221
18,"mex",0.65406
18,"mys",0.45808
18,"nde",0.33256
18,"nld",1.11646
18,"noan",0.52990191883624
18,"noap",0.469527423443284
18,"nor",1.38123
18,"oeu",0.659932378049513
18,"osea",0.566809253912094
18,"pol",0.57821
18,"prt",0.8525
18,"rcam",0.677428722501245
18,"rcz",0.57222
18,"rfa",1.08152
18,"ris",0.394271860780595
18,"rjan57",0.979984650850597
18,"rom",0.48921
18,"rsaf",0.449213431842169
18,"rsam",0.474792984460377
18,"rsas",0.338227045592511
18,"rsl",0.55067
18,"rus",0.4501
18,"slo",0.76177
18,"sui",1.39965
18,"swe",1.25505
18,"tha",0.39612
18,"tur",0.61809
18,"ukr",0.32768
18,"usa",1
18,"vnm",0.29724
18,"zaf",0.60863
19,"arg",0.43669
19,"aus",1.05929
19,"aut",1.09708
19,"bel",1.11992
19,"bgr",0.38021
19,"blt",0.554958265763977
19,"bra",0.56238
19,"can",1.0017
19,"chl",0.59654
19,"chn",0.42084
19,"cor",0.77037
19,"cro",0.65723
19,"dnk",1.43252
19,"egy",0.26947
19,"esp",0.95248
19,"fin",1.21818
19,"fra",1.15053
19,"gbr",1.15793
19,"golf57",0.545099780698169
19,"grc",0.89773
19,"hun",0.64306
19,"idn",0.40572
19,"irl",1.25872
19,"ita",1.07448
19,"jpn",1.17537
19,"meme",0.650981336034221
19,"mex",0.65406
19,"mys",0.45808
19,"nde",0.33256
19,"nld",1.11646
19,"noan",0.52990191883624
19,"noap",0.469527423443284
19,"nor",1.38123
19,"oeu",0.659932378049513
19,"osea",0.566809253912094
19,"pol",0.57821
19,"prt",0.8525
19,"rcam",0.677428722501245
19,"rcz",0.57222
19,"rfa",1.08152
19,"ris",0.394271860780595
19,"rjan57",0.979984650850597
19,"rom",0.48921
19,"rsaf",0.449213431842169
19,"rsam",0.474792984460377
19,"rsas",0.338227045592511
19,"rsl",0.55067
19,"rus",0.4501
19,"slo",0.76177
19,"sui",1.39965
19,"swe",1.25505
19,"tha",0.39612
19,"tur",0.61809
19,"ukr",0.32768
19,"usa",1
19,"vnm",0.29724
19,"zaf",0.60863
20,"arg",0.43669
20,"aus",1.05929
20,"aut",1.09708
20,"bel",1.11992
20,"bgr",0.38021
20,"blt",0.554958265763977
20,"bra",0.56238
20,"can",1.0017
20,"chl",0.59654
20,"chn",0.42084
20,"cor",0.77037
20,"cro",0.65723
20,"dnk",1.43252
20,"egy",0.26947
20,"esp",0.95248
20,"fin",1.21818
20,"fra",1.15053
20,"gbr",1.15793
20,"golf57",0.545099780698169
20,"grc",0.89773
20,"hun",0.64306
20,"idn",0.40572
20,"irl",1.25872
20,"ita",1.07448
20,"jpn",1.17537
20,"meme",0.650981336034221
20,"mex",0.65406
20,"mys",0.45808
20,"nde",0.33256
20,"nld",1.11646
20,"noan",0.52990191883624
20,"noap",0.469527423443284
20,"nor",1.38123
20,"oeu",0.659932378049513
20,"osea",0.566809253912094
20,"pol",0.57821
20,"prt",0.8525
20,"rcam",0.677428722501245
20,"rcz",0.57222
20,"rfa",1.08152
20,"ris",0.394271860780595
20,"rjan57",0.979984650850597
20,"rom",0.48921
20,"rsaf",0.449213431842169
20,"rsam",0.474792984460377
20,"rsas",0.338227045592511
20,"rsl",0.55067
20,"rus",0.4501
20,"slo",0.76177
20,"sui",1.39965
20,"swe",1.25505
20,"tha",0.39612
20,"tur",0.61809
20,"ukr",0.32768
20,"usa",1
20,"vnm",0.29724
20,"zaf",0.60863
21,"arg",0.43669
21,"aus",1.05929
21,"aut",1.09708
21,"bel",1.11992
21,"bgr",0.38021
21,"blt",0.554958265763977
21,"bra",0.56238
21,"can",1.0017
21,"chl",0.59654
21,"chn",0.42084
21,"cor",0.77037
21,"cro",0.65723
21,"dnk",1.43252
21,"egy",0.26947
21,"esp",0.95248
21,"fin",1.21818
21,"fra",1.15053
21,"gbr",1.15793
21,"golf57",0.545099780698169
21,"grc",0.89773
21,"hun",0.64306
21,"idn",0.40572
21,"irl",1.25872
21,"ita",1.07448
21,"jpn",1.17537
21,"meme",0.650981336034221
21,"mex",0.65406
21,"mys",0.45808
21,"nde",0.33256
21,"nld",1.11646
21,"noan",0.52990191883624
21,"noap",0.469527423443284
21,"nor",1.38123
21,"oeu",0.659932378049513
21,"osea",0.566809253912094
21,"pol",0.57821
21,"prt",0.8525
21,"rcam",0.677428722501245
21,"rcz",0.57222
21,"rfa",1.08152
21,"ris",0.394271860780595
21,"rjan57",0.979984650850597
21,"rom",0.48921
21,"rsaf",0.449213431842169
21,"rsam",0.474792984460377
21,"rsas",0.338227045592511
21,"rsl",0.55067
21,"rus",0.4501
21,"slo",0.76177
21,"sui",1.39965
21,"swe",1.25505
21,"tha",0.39612
21,"tur",0.61809
21,"ukr",0.32768
21,"usa",1
21,"vnm",0.29724
21,"zaf",0.60863
22,"arg",0.43669
22,"aus",1.05929
22,"aut",1.09708
22,"bel",1.11992
22,"bgr",0.38021
22,"blt",0.554958265763977
22,"bra",0.56238
22,"can",1.0017
22,"chl",0.59654
22,"chn",0.42084
22,"cor",0.77037
22,"cro",0.65723
22,"dnk",1.43252
22,"egy",0.26947
22,"esp",0.95248
22,"fin",1.21818
22,"fra",1.15053
22,"gbr",1.15793
22,"golf57",0.545099780698169
22,"grc",0.89773
22,"hun",0.64306
22,"idn",0.40572
22,"irl",1.25872
22,"ita",1.07448
22,"jpn",1.17537
22,"meme",0.650981336034221
22,"mex",0.65406
22,"mys",0.45808
22,"nde",0.33256
22,"nld",1.11646
22,"noan",0.52990191883624
22,"noap",0.469527423443284
22,"nor",1.38123
22,"oeu",0.659932378049513
22,"osea",0.566809253912094
22,"pol",0.57821
22,"prt",0.8525
22,"rcam",0.677428722501245
22,"rcz",0.57222
22,"rfa",1.08152
22,"ris",0.394271860780595
22,"rjan57",0.979984650850597
22,"rom",0.48921
22,"rsaf",0.449213431842169
22,"rsam",0.474792984460377
22,"rsas",0.338227045592511
22,"rsl",0.55067
22,"rus",0.4501
22,"slo",0.76177
22,"sui",1.39965
22,"swe",1.25505
22,"tha",0.39612
22,"tur",0.61809
22,"ukr",0.32768
22,"usa",1
22,"vnm",0.29724
22,"zaf",0.60863
23,"arg",0.43669
23,"aus",1.05929
23,"aut",1.09708
23,"bel",1.11992
23,"bgr",0.38021
23,"blt",0.554958265763977
23,"bra",0.56238
23,"can",1.0017
23,"chl",0.59654
23,"chn",0.42084
23,"cor",0.77037
23,"cro",0.65723
23,"dnk",1.43252
23,"egy",0.26947
23,"esp",0.95248
23,"fin",1.21818
23,"fra",1.15053
23,"gbr",1.15793
23,"golf57",0.545099780698169
23,"grc",0.89773
23,"hun",0.64306
23,"idn",0.40572
23,"irl",1.25872
23,"ita",1.07448
23,"jpn",1.17537
23,"meme",0.650981336034221
23,"mex",0.65406
23,"mys",0.45808
23,"nde",0.33256
23,"nld",1.11646
23,"noan",0.52990191883624
23,"noap",0.469527423443284
23,"nor",1.38123
23,"oeu",0.659932378049513
23,"osea",0.566809253912094
23,"pol",0.57821
23,"prt",0.8525
23,"rcam",0.677428722501245
23,"rcz",0.57222
23,"rfa",1.08152
23,"ris",0.394271860780595
23,"rjan57",0.979984650850597
23,"rom",0.48921
23,"rsaf",0.449213431842169
23,"rsam",0.474792984460377
23,"rsas",0.338227045592511
23,"rsl",0.55067
23,"rus",0.4501
23,"slo",0.76177
23,"sui",1.39965
23,"swe",1.25505
23,"tha",0.39612
23,"tur",0.61809
23,"ukr",0.32768
23,"usa",1
23,"vnm",0.29724
23,"zaf",0.60863
24,"arg",0.43669
24,"aus",1.05929
24,"aut",1.09708
24,"bel",1.11992
24,"bgr",0.38021
24,"blt",0.554958265763977
24,"bra",0.56238
24,"can",1.0017
24,"chl",0.59654
24,"chn",0.42084
24,"cor",0.77037
24,"cro",0.65723
24,"dnk",1.43252
24,"egy",0.26947
24,"esp",0.95248
24,"fin",1.21818
24,"fra",1.15053
24,"gbr",1.15793
24,"golf57",0.545099780698169
24,"grc",0.89773
24,"hun",0.64306
24,"idn",0.40572
24,"irl",1.25872
24,"ita",1.07448
24,"jpn",1.17537
24,"meme",0.650981336034221
24,"mex",0.65406
24,"mys",0.45808
24,"nde",0.33256
24,"nld",1.11646
24,"noan",0.52990191883624
24,"noap",0.469527423443284
24,"nor",1.38123
24,"oeu",0.659932378049513
24,"osea",0.566809253912094
24,"pol",0.57821
24,"prt",0.8525
24,"rcam",0.677428722501245
24,"rcz",0.57222
24,"rfa",1.08152
24,"ris",0.394271860780595
24,"rjan57",0.979984650850597
24,"rom",0.48921
24,"rsaf",0.449213431842169
24,"rsam",0.474792984460377
24,"rsas",0.338227045592511
24,"rsl",0.55067
24,"rus",0.4501
24,"slo",0.76177
24,"sui",1.39965
24,"swe",1.25505
24,"tha",0.39612
24,"tur",0.61809
24,"ukr",0.32768
24,"usa",1
24,"vnm",0.29724
24,"zaf",0.60863
25,"arg",0.43669
25,"aus",1.05929
25,"aut",1.09708
25,"bel",1.11992
25,"bgr",0.38021
25,"blt",0.554958265763977
25,"bra",0.56238
25,"can",1.0017
25,"chl",0.59654
25,"chn",0.42084
25,"cor",0.77037
25,"cro",0.65723
25,"dnk",1.43252
25,"egy",0.26947
25,"esp",0.95248
25,"fin",1.21818
25,"fra",1.15053
25,"gbr",1.15793
25,"golf57",0.545099780698169
25,"grc",0.89773
25,"hun",0.64306
25,"idn",0.40572
25,"irl",1.25872
25,"ita",1.07448
25,"jpn",1.17537
25,"meme",0.650981336034221
25,"mex",0.65406
25,"mys",0.45808
25,"nde",0.33256
25,"nld",1.11646
25,"noan",0.52990191883624
25,"noap",0.469527423443284
25,"nor",1.38123
25,"oeu",0.659932378049513
25,"osea",0.566809253912094
25,"pol",0.57821
25,"prt",0.8525
25,"rcam",0.677428722501245
25,"rcz",0.57222
25,"rfa",1.08152
25,"ris",0.394271860780595
25,"rjan57",0.979984650850597
25,"rom",0.48921
25,"rsaf",0.449213431842169
25,"rsam",0.474792984460377
25,"rsas",0.338227045592511
25,"rsl",0.55067
25,"rus",0.4501
25,"slo",0.76177
25,"sui",1.39965
25,"swe",1.25505
25,"tha",0.39612
25,"tur",0.61809
25,"ukr",0.32768
25,"usa",1
25,"vnm",0.29724
25,"zaf",0.60863
26,"arg",0.43669
26,"aus",1.05929
26,"aut",1.09708
26,"bel",1.11992
26,"bgr",0.38021
26,"blt",0.554958265763977
26,"bra",0.56238
26,"can",1.0017
26,"chl",0.59654
26,"chn",0.42084
26,"cor",0.77037
26,"cro",0.65723
26,"dnk",1.43252
26,"egy",0.26947
26,"esp",0.95248
26,"fin",1.21818
26,"fra",1.15053
26,"gbr",1.15793
26,"golf57",0.545099780698169
26,"grc",0.89773
26,"hun",0.64306
26,"idn",0.40572
26,"irl",1.25872
26,"ita",1.07448
26,"jpn",1.17537
26,"meme",0.650981336034221
26,"mex",0.65406
26,"mys",0.45808
26,"nde",0.33256
26,"nld",1.11646
26,"noan",0.52990191883624
26,"noap",0.469527423443284
26,"nor",1.38123
26,"oeu",0.659932378049513
26,"osea",0.566809253912094
26,"pol",0.57821
26,"prt",0.8525
26,"rcam",0.677428722501245
26,"rcz",0.57222
26,"rfa",1.08152
26,"ris",0.394271860780595
26,"rjan57",0.979984650850597
26,"rom",0.48921
26,"rsaf",0.449213431842169
26,"rsam",0.474792984460377
26,"rsas",0.338227045592511
26,"rsl",0.55067
26,"rus",0.4501
26,"slo",0.76177
26,"sui",1.39965
26,"swe",1.25505
26,"tha",0.39612
26,"tur",0.61809
26,"ukr",0.32768
26,"usa",1
26,"vnm",0.29724
26,"zaf",0.60863
27,"arg",0.43669
27,"aus",1.05929
27,"aut",1.09708
27,"bel",1.11992
27,"bgr",0.38021
27,"blt",0.554958265763977
27,"bra",0.56238
27,"can",1.0017
27,"chl",0.59654
27,"chn",0.42084
27,"cor",0.77037
27,"cro",0.65723
27,"dnk",1.43252
27,"egy",0.26947
27,"esp",0.95248
27,"fin",1.21818
27,"fra",1.15053
27,"gbr",1.15793
27,"golf57",0.545099780698169
27,"grc",0.89773
27,"hun",0.64306
27,"idn",0.40572
27,"irl",1.25872
27,"ita",1.07448
27,"jpn",1.17537
27,"meme",0.650981336034221
27,"mex",0.65406
27,"mys",0.45808
27,"nde",0.33256
27,"nld",1.11646
27,"noan",0.52990191883624
27,"noap",0.469527423443284
27,"nor",1.38123
27,"oeu",0.659932378049513
27,"osea",0.566809253912094
27,"pol",0.57821
27,"prt",0.8525
27,"rcam",0.677428722501245
27,"rcz",0.57222
27,"rfa",1.08152
27,"ris",0.394271860780595
27,"rjan57",0.979984650850597
27,"rom",0.48921
27,"rsaf",0.449213431842169
27,"rsam",0.474792984460377
27,"rsas",0.338227045592511
27,"rsl",0.55067
27,"rus",0.4501
27,"slo",0.76177
27,"sui",1.39965
27,"swe",1.25505
27,"tha",0.39612
27,"tur",0.61809
27,"ukr",0.32768
27,"usa",1
27,"vnm",0.29724
27,"zaf",0.60863
28,"arg",0.43669
28,"aus",1.05929
28,"aut",1.09708
28,"bel",1.11992
28,"bgr",0.38021
28,"blt",0.554958265763977
28,"bra",0.56238
28,"can",1.0017
28,"chl",0.59654
28,"chn",0.42084
28,"cor",0.77037
28,"cro",0.65723
28,"dnk",1.43252
28,"egy",0.26947
28,"esp",0.95248
28,"fin",1.21818
28,"fra",1.15053
28,"gbr",1.15793
28,"golf57",0.545099780698169
28,"grc",0.89773
28,"hun",0.64306
28,"idn",0.40572
28,"irl",1.25872
28,"ita",1.07448
28,"jpn",1.17537
28,"meme",0.650981336034221
28,"mex",0.65406
28,"mys",0.45808
28,"nde",0.33256
28,"nld",1.11646
28,"noan",0.52990191883624
28,"noap",0.469527423443284
28,"nor",1.38123
28,"oeu",0.659932378049513
28,"osea",0.566809253912094
28,"pol",0.57821
28,"prt",0.8525
28,"rcam",0.677428722501245
28,"rcz",0.57222
28,"rfa",1.08152
28,"ris",0.394271860780595
28,"rjan57",0.979984650850597
28,"rom",0.48921
28,"rsaf",0.449213431842169
28,"rsam",0.474792984460377
28,"rsas",0.338227045592511
28,"rsl",0.55067
28,"rus",0.4501
28,"slo",0.76177
28,"sui",1.39965
28,"swe",1.25505
28,"tha",0.39612
28,"tur",0.61809
28,"ukr",0.32768
28,"usa",1
28,"vnm",0.29724
28,"zaf",0.60863
29,"arg",0.43669
29,"aus",1.05929
29,"aut",1.09708
29,"bel",1.11992
29,"bgr",0.38021
29,"blt",0.554958265763977
29,"bra",0.56238
29,"can",1.0017
29,"chl",0.59654
29,"chn",0.42084
29,"cor",0.77037
29,"cro",0.65723
29,"dnk",1.43252
29,"egy",0.26947
29,"esp",0.95248
29,"fin",1.21818
29,"fra",1.15053
29,"gbr",1.15793
29,"golf57",0.545099780698169
29,"grc",0.89773
29,"hun",0.64306
29,"idn",0.40572
29,"irl",1.25872
29,"ita",1.07448
29,"jpn",1.17537
29,"meme",0.650981336034221
29,"mex",0.65406
29,"mys",0.45808
29,"nde",0.33256
29,"nld",1.11646
29,"noan",0.52990191883624
29,"noap",0.469527423443284
29,"nor",1.38123
29,"oeu",0.659932378049513
29,"osea",0.566809253912094
29,"pol",0.57821
29,"prt",0.8525
29,"rcam",0.677428722501245
29,"rcz",0.57222
29,"rfa",1.08152
29,"ris",0.394271860780595
29,"rjan57",0.979984650850597
29,"rom",0.48921
29,"rsaf",0.449213431842169
29,"rsam",0.474792984460377
29,"rsas",0.338227045592511
29,"rsl",0.55067
29,"rus",0.4501
29,"slo",0.76177
29,"sui",1.39965
29,"swe",1.25505
29,"tha",0.39612
29,"tur",0.61809
29,"ukr",0.32768
29,"usa",1
29,"vnm",0.29724
29,"zaf",0.60863
30,"arg",0.43669
30,"aus",1.05929
30,"aut",1.09708
30,"bel",1.11992
30,"bgr",0.38021
30,"blt",0.554958265763977
30,"bra",0.56238
30,"can",1.0017
30,"chl",0.59654
30,"chn",0.42084
30,"cor",0.77037
30,"cro",0.65723
30,"dnk",1.43252
30,"egy",0.26947
30,"esp",0.95248
30,"fin",1.21818
30,"fra",1.15053
30,"gbr",1.15793
30,"golf57",0.545099780698169
30,"grc",0.89773
30,"hun",0.64306
30,"idn",0.40572
30,"irl",1.25872
30,"ita",1.07448
30,"jpn",1.17537
30,"meme",0.650981336034221
30,"mex",0.65406
30,"mys",0.45808
30,"nde",0.33256
30,"nld",1.11646
30,"noan",0.52990191883624
30,"noap",0.469527423443284
30,"nor",1.38123
30,"oeu",0.659932378049513
30,"osea",0.566809253912094
30,"pol",0.57821
30,"prt",0.8525
30,"rcam",0.677428722501245
30,"rcz",0.57222
30,"rfa",1.08152
30,"ris",0.394271860780595
30,"rjan57",0.979984650850597
30,"rom",0.48921
30,"rsaf",0.449213431842169
30,"rsam",0.474792984460377
30,"rsas",0.338227045592511
30,"rsl",0.55067
30,"rus",0.4501
30,"slo",0.76177
30,"sui",1.39965
30,"swe",1.25505
30,"tha",0.39612
30,"tur",0.61809
30,"ukr",0.32768
30,"usa",1
30,"vnm",0.29724
30,"zaf",0.60863
31,"arg",0.43669
31,"aus",1.05929
31,"aut",1.09708
31,"bel",1.11992
31,"bgr",0.38021
31,"blt",0.554958265763977
31,"bra",0.56238
31,"can",1.0017
31,"chl",0.59654
31,"chn",0.42084
31,"cor",0.77037
31,"cro",0.65723
31,"dnk",1.43252
31,"egy",0.26947
31,"esp",0.95248
31,"fin",1.21818
31,"fra",1.15053
31,"gbr",1.15793
31,"golf57",0.545099780698169
31,"grc",0.89773
31,"hun",0.64306
31,"idn",0.40572
31,"irl",1.25872
31,"ita",1.07448
31,"jpn",1.17537
31,"meme",0.650981336034221
31,"mex",0.65406
31,"mys",0.45808
31,"nde",0.33256
31,"nld",1.11646
31,"noan",0.52990191883624
31,"noap",0.469527423443284
31,"nor",1.38123
31,"oeu",0.659932378049513
31,"osea",0.566809253912094
31,"pol",0.57821
31,"prt",0.8525
31,"rcam",0.677428722501245
31,"rcz",0.57222
31,"rfa",1.08152
31,"ris",0.394271860780595
31,"rjan57",0.979984650850597
31,"rom",0.48921
31,"rsaf",0.449213431842169
31,"rsam",0.474792984460377
31,"rsas",0.338227045592511
31,"rsl",0.55067
31,"rus",0.4501
31,"slo",0.76177
31,"sui",1.39965
31,"swe",1.25505
31,"tha",0.39612
31,"tur",0.61809
31,"ukr",0.32768
31,"usa",1
31,"vnm",0.29724
31,"zaf",0.60863
32,"arg",0.43669
32,"aus",1.05929
32,"aut",1.09708
32,"bel",1.11992
32,"bgr",0.38021
32,"blt",0.554958265763977
32,"bra",0.56238
32,"can",1.0017
32,"chl",0.59654
32,"chn",0.42084
32,"cor",0.77037
32,"cro",0.65723
32,"dnk",1.43252
32,"egy",0.26947
32,"esp",0.95248
32,"fin",1.21818
32,"fra",1.15053
32,"gbr",1.15793
32,"golf57",0.545099780698169
32,"grc",0.89773
32,"hun",0.64306
32,"idn",0.40572
32,"irl",1.25872
32,"ita",1.07448
32,"jpn",1.17537
32,"meme",0.650981336034221
32,"mex",0.65406
32,"mys",0.45808
32,"nde",0.33256
32,"nld",1.11646
32,"noan",0.52990191883624
32,"noap",0.469527423443284
32,"nor",1.38123
32,"oeu",0.659932378049513
32,"osea",0.566809253912094
32,"pol",0.57821
32,"prt",0.8525
32,"rcam",0.677428722501245
32,"rcz",0.57222
32,"rfa",1.08152
32,"ris",0.394271860780595
32,"rjan57",0.979984650850597
32,"rom",0.48921
32,"rsaf",0.449213431842169
32,"rsam",0.474792984460377
32,"rsas",0.338227045592511
32,"rsl",0.55067
32,"rus",0.4501
32,"slo",0.76177
32,"sui",1.39965
32,"swe",1.25505
32,"tha",0.39612
32,"tur",0.61809
32,"ukr",0.32768
32,"usa",1
32,"vnm",0.29724
32,"zaf",0.60863
33,"arg",0.43669
33,"aus",1.05929
33,"aut",1.09708
33,"bel",1.11992
33,"bgr",0.38021
33,"blt",0.554958265763977
33,"bra",0.56238
33,"can",1.0017
33,"chl",0.59654
33,"chn",0.42084
33,"cor",0.77037
33,"cro",0.65723
33,"dnk",1.43252
33,"egy",0.26947
33,"esp",0.95248
33,"fin",1.21818
33,"fra",1.15053
33,"gbr",1.15793
33,"golf57",0.545099780698169
33,"grc",0.89773
33,"hun",0.64306
33,"idn",0.40572
33,"irl",1.25872
33,"ita",1.07448
33,"jpn",1.17537
33,"meme",0.650981336034221
33,"mex",0.65406
33,"mys",0.45808
33,"nde",0.33256
33,"nld",1.11646
33,"noan",0.52990191883624
33,"noap",0.469527423443284
33,"nor",1.38123
33,"oeu",0.659932378049513
33,"osea",0.566809253912094
33,"pol",0.57821
33,"prt",0.8525
33,"rcam",0.677428722501245
33,"rcz",0.57222
33,"rfa",1.08152
33,"ris",0.394271860780595
33,"rjan57",0.979984650850597
33,"rom",0.48921
33,"rsaf",0.449213431842169
33,"rsam",0.474792984460377
33,"rsas",0.338227045592511
33,"rsl",0.55067
33,"rus",0.4501
33,"slo",0.76177
33,"sui",1.39965
33,"swe",1.25505
33,"tha",0.39612
33,"tur",0.61809
33,"ukr",0.32768
33,"usa",1
33,"vnm",0.29724
33,"zaf",0.60863
34,"arg",0.43669
34,"aus",1.05929
34,"aut",1.09708
34,"bel",1.11992
34,"bgr",0.38021
34,"blt",0.554958265763977
34,"bra",0.56238
34,"can",1.0017
34,"chl",0.59654
34,"chn",0.42084
34,"cor",0.77037
34,"cro",0.65723
34,"dnk",1.43252
34,"egy",0.26947
34,"esp",0.95248
34,"fin",1.21818
34,"fra",1.15053
34,"gbr",1.15793
34,"golf57",0.545099780698169
34,"grc",0.89773
34,"hun",0.64306
34,"idn",0.40572
34,"irl",1.25872
34,"ita",1.07448
34,"jpn",1.17537
34,"meme",0.650981336034221
34,"mex",0.65406
34,"mys",0.45808
34,"nde",0.33256
34,"nld",1.11646
34,"noan",0.52990191883624
34,"noap",0.469527423443284
34,"nor",1.38123
34,"oeu",0.659932378049513
34,"osea",0.566809253912094
34,"pol",0.57821
34,"prt",0.8525
34,"rcam",0.677428722501245
34,"rcz",0.57222
34,"rfa",1.08152
34,"ris",0.394271860780595
34,"rjan57",0.979984650850597
34,"rom",0.48921
34,"rsaf",0.449213431842169
34,"rsam",0.474792984460377
34,"rsas",0.338227045592511
34,"rsl",0.55067
34,"rus",0.4501
34,"slo",0.76177
34,"sui",1.39965
34,"swe",1.25505
34,"tha",0.39612
34,"tur",0.61809
34,"ukr",0.32768
34,"usa",1
34,"vnm",0.29724
34,"zaf",0.60863
35,"arg",0.43669
35,"aus",1.05929
35,"aut",1.09708
35,"bel",1.11992
35,"bgr",0.38021
35,"blt",0.554958265763977
35,"bra",0.56238
35,"can",1.0017
35,"chl",0.59654
35,"chn",0.42084
35,"cor",0.77037
35,"cro",0.65723
35,"dnk",1.43252
35,"egy",0.26947
35,"esp",0.95248
35,"fin",1.21818
35,"fra",1.15053
35,"gbr",1.15793
35,"golf57",0.545099780698169
35,"grc",0.89773
35,"hun",0.64306
35,"idn",0.40572
35,"irl",1.25872
35,"ita",1.07448
35,"jpn",1.17537
35,"meme",0.650981336034221
35,"mex",0.65406
35,"mys",0.45808
35,"nde",0.33256
35,"nld",1.11646
35,"noan",0.52990191883624
35,"noap",0.469527423443284
35,"nor",1.38123
35,"oeu",0.659932378049513
35,"osea",0.566809253912094
35,"pol",0.57821
35,"prt",0.8525
35,"rcam",0.677428722501245
35,"rcz",0.57222
35,"rfa",1.08152
35,"ris",0.394271860780595
35,"rjan57",0.979984650850597
35,"rom",0.48921
35,"rsaf",0.449213431842169
35,"rsam",0.474792984460377
35,"rsas",0.338227045592511
35,"rsl",0.55067
35,"rus",0.4501
35,"slo",0.76177
35,"sui",1.39965
35,"swe",1.25505
35,"tha",0.39612
35,"tur",0.61809
35,"ukr",0.32768
35,"usa",1
35,"vnm",0.29724
35,"zaf",0.60863
36,"arg",0.43669
36,"aus",1.05929
36,"aut",1.09708
36,"bel",1.11992
36,"bgr",0.38021
36,"blt",0.554958265763977
36,"bra",0.56238
36,"can",1.0017
36,"chl",0.59654
36,"chn",0.42084
36,"cor",0.77037
36,"cro",0.65723
36,"dnk",1.43252
36,"egy",0.26947
36,"esp",0.95248
36,"fin",1.21818
36,"fra",1.15053
36,"gbr",1.15793
36,"golf57",0.545099780698169
36,"grc",0.89773
36,"hun",0.64306
36,"idn",0.40572
36,"irl",1.25872
36,"ita",1.07448
36,"jpn",1.17537
36,"meme",0.650981336034221
36,"mex",0.65406
36,"mys",0.45808
36,"nde",0.33256
36,"nld",1.11646
36,"noan",0.52990191883624
36,"noap",0.469527423443284
36,"nor",1.38123
36,"oeu",0.659932378049513
36,"osea",0.566809253912094
36,"pol",0.57821
36,"prt",0.8525
36,"rcam",0.677428722501245
36,"rcz",0.57222
36,"rfa",1.08152
36,"ris",0.394271860780595
36,"rjan57",0.979984650850597
36,"rom",0.48921
36,"rsaf",0.449213431842169
36,"rsam",0.474792984460377
36,"rsas",0.338227045592511
36,"rsl",0.55067
36,"rus",0.4501
36,"slo",0.76177
36,"sui",1.39965
36,"swe",1.25505
36,"tha",0.39612
36,"tur",0.61809
36,"ukr",0.32768
36,"usa",1
36,"vnm",0.29724
36,"zaf",0.60863
37,"arg",0.43669
37,"aus",1.05929
37,"aut",1.09708
37,"bel",1.11992
37,"bgr",0.38021
37,"blt",0.554958265763977
37,"bra",0.56238
37,"can",1.0017
37,"chl",0.59654
37,"chn",0.42084
37,"cor",0.77037
37,"cro",0.65723
37,"dnk",1.43252
37,"egy",0.26947
37,"esp",0.95248
37,"fin",1.21818
37,"fra",1.15053
37,"gbr",1.15793
37,"golf57",0.545099780698169
37,"grc",0.89773
37,"hun",0.64306
37,"idn",0.40572
37,"irl",1.25872
37,"ita",1.07448
37,"jpn",1.17537
37,"meme",0.650981336034221
37,"mex",0.65406
37,"mys",0.45808
37,"nde",0.33256
37,"nld",1.11646
37,"noan",0.52990191883624
37,"noap",0.469527423443284
37,"nor",1.38123
37,"oeu",0.659932378049513
37,"osea",0.566809253912094
37,"pol",0.57821
37,"prt",0.8525
37,"rcam",0.677428722501245
37,"rcz",0.57222
37,"rfa",1.08152
37,"ris",0.394271860780595
37,"rjan57",0.979984650850597
37,"rom",0.48921
37,"rsaf",0.449213431842169
37,"rsam",0.474792984460377
37,"rsas",0.338227045592511
37,"rsl",0.55067
37,"rus",0.4501
37,"slo",0.76177
37,"sui",1.39965
37,"swe",1.25505
37,"tha",0.39612
37,"tur",0.61809
37,"ukr",0.32768
37,"usa",1
37,"vnm",0.29724
37,"zaf",0.60863
38,"arg",0.43669
38,"aus",1.05929
38,"aut",1.09708
38,"bel",1.11992
38,"bgr",0.38021
38,"blt",0.554958265763977
38,"bra",0.56238
38,"can",1.0017
38,"chl",0.59654
38,"chn",0.42084
38,"cor",0.77037
38,"cro",0.65723
38,"dnk",1.43252
38,"egy",0.26947
38,"esp",0.95248
38,"fin",1.21818
38,"fra",1.15053
38,"gbr",1.15793
38,"golf57",0.545099780698169
38,"grc",0.89773
38,"hun",0.64306
38,"idn",0.40572
38,"irl",1.25872
38,"ita",1.07448
38,"jpn",1.17537
38,"meme",0.650981336034221
38,"mex",0.65406
38,"mys",0.45808
38,"nde",0.33256
38,"nld",1.11646
38,"noan",0.52990191883624
38,"noap",0.469527423443284
38,"nor",1.38123
38,"oeu",0.659932378049513
38,"osea",0.566809253912094
38,"pol",0.57821
38,"prt",0.8525
38,"rcam",0.677428722501245
38,"rcz",0.57222
38,"rfa",1.08152
38,"ris",0.394271860780595
38,"rjan57",0.979984650850597
38,"rom",0.48921
38,"rsaf",0.449213431842169
38,"rsam",0.474792984460377
38,"rsas",0.338227045592511
38,"rsl",0.55067
38,"rus",0.4501
38,"slo",0.76177
38,"sui",1.39965
38,"swe",1.25505
38,"tha",0.39612
38,"tur",0.61809
38,"ukr",0.32768
38,"usa",1
38,"vnm",0.29724
38,"zaf",0.60863
39,"arg",0.43669
39,"aus",1.05929
39,"aut",1.09708
39,"bel",1.11992
39,"bgr",0.38021
39,"blt",0.554958265763977
39,"bra",0.56238
39,"can",1.0017
39,"chl",0.59654
39,"chn",0.42084
39,"cor",0.77037
39,"cro",0.65723
39,"dnk",1.43252
39,"egy",0.26947
39,"esp",0.95248
39,"fin",1.21818
39,"fra",1.15053
39,"gbr",1.15793
39,"golf57",0.545099780698169
39,"grc",0.89773
39,"hun",0.64306
39,"idn",0.40572
39,"irl",1.25872
39,"ita",1.07448
39,"jpn",1.17537
39,"meme",0.650981336034221
39,"mex",0.65406
39,"mys",0.45808
39,"nde",0.33256
39,"nld",1.11646
39,"noan",0.52990191883624
39,"noap",0.469527423443284
39,"nor",1.38123
39,"oeu",0.659932378049513
39,"osea",0.566809253912094
39,"pol",0.57821
39,"prt",0.8525
39,"rcam",0.677428722501245
39,"rcz",0.57222
39,"rfa",1.08152
39,"ris",0.394271860780595
39,"rjan57",0.979984650850597
39,"rom",0.48921
39,"rsaf",0.449213431842169
39,"rsam",0.474792984460377
39,"rsas",0.338227045592511
39,"rsl",0.55067
39,"rus",0.4501
39,"slo",0.76177
39,"sui",1.39965
39,"swe",1.25505
39,"tha",0.39612
39,"tur",0.61809
39,"ukr",0.32768
39,"usa",1
39,"vnm",0.29724
39,"zaf",0.60863
40,"arg",0.43669
40,"aus",1.05929
40,"aut",1.09708
40,"bel",1.11992
40,"bgr",0.38021
40,"blt",0.554958265763977
40,"bra",0.56238
40,"can",1.0017
40,"chl",0.59654
40,"chn",0.42084
40,"cor",0.77037
40,"cro",0.65723
40,"dnk",1.43252
40,"egy",0.26947
40,"esp",0.95248
40,"fin",1.21818
40,"fra",1.15053
40,"gbr",1.15793
40,"golf57",0.545099780698169
40,"grc",0.89773
40,"hun",0.64306
40,"idn",0.40572
40,"irl",1.25872
40,"ita",1.07448
40,"jpn",1.17537
40,"meme",0.650981336034221
40,"mex",0.65406
40,"mys",0.45808
40,"nde",0.33256
40,"nld",1.11646
40,"noan",0.52990191883624
40,"noap",0.469527423443284
40,"nor",1.38123
40,"oeu",0.659932378049513
40,"osea",0.566809253912094
40,"pol",0.57821
40,"prt",0.8525
40,"rcam",0.677428722501245
40,"rcz",0.57222
40,"rfa",1.08152
40,"ris",0.394271860780595
40,"rjan57",0.979984650850597
40,"rom",0.48921
40,"rsaf",0.449213431842169
40,"rsam",0.474792984460377
40,"rsas",0.338227045592511
40,"rsl",0.55067
40,"rus",0.4501
40,"slo",0.76177
40,"sui",1.39965
40,"swe",1.25505
40,"tha",0.39612
40,"tur",0.61809
40,"ukr",0.32768
40,"usa",1
40,"vnm",0.29724
40,"zaf",0.60863
41,"arg",0.43669
41,"aus",1.05929
41,"aut",1.09708
41,"bel",1.11992
41,"bgr",0.38021
41,"blt",0.554958265763977
41,"bra",0.56238
41,"can",1.0017
41,"chl",0.59654
41,"chn",0.42084
41,"cor",0.77037
41,"cro",0.65723
41,"dnk",1.43252
41,"egy",0.26947
41,"esp",0.95248
41,"fin",1.21818
41,"fra",1.15053
41,"gbr",1.15793
41,"golf57",0.545099780698169
41,"grc",0.89773
41,"hun",0.64306
41,"idn",0.40572
41,"irl",1.25872
41,"ita",1.07448
41,"jpn",1.17537
41,"meme",0.650981336034221
41,"mex",0.65406
41,"mys",0.45808
41,"nde",0.33256
41,"nld",1.11646
41,"noan",0.52990191883624
41,"noap",0.469527423443284
41,"nor",1.38123
41,"oeu",0.659932378049513
41,"osea",0.566809253912094
41,"pol",0.57821
41,"prt",0.8525
41,"rcam",0.677428722501245
41,"rcz",0.57222
41,"rfa",1.08152
41,"ris",0.394271860780595
41,"rjan57",0.979984650850597
41,"rom",0.48921
41,"rsaf",0.449213431842169
41,"rsam",0.474792984460377
41,"rsas",0.338227045592511
41,"rsl",0.55067
41,"rus",0.4501
41,"slo",0.76177
41,"sui",1.39965
41,"swe",1.25505
41,"tha",0.39612
41,"tur",0.61809
41,"ukr",0.32768
41,"usa",1
41,"vnm",0.29724
41,"zaf",0.60863
42,"arg",0.43669
42,"aus",1.05929
42,"aut",1.09708
42,"bel",1.11992
42,"bgr",0.38021
42,"blt",0.554958265763977
42,"bra",0.56238
42,"can",1.0017
42,"chl",0.59654
42,"chn",0.42084
42,"cor",0.77037
42,"cro",0.65723
42,"dnk",1.43252
42,"egy",0.26947
42,"esp",0.95248
42,"fin",1.21818
42,"fra",1.15053
42,"gbr",1.15793
42,"golf57",0.545099780698169
42,"grc",0.89773
42,"hun",0.64306
42,"idn",0.40572
42,"irl",1.25872
42,"ita",1.07448
42,"jpn",1.17537
42,"meme",0.650981336034221
42,"mex",0.65406
42,"mys",0.45808
42,"nde",0.33256
42,"nld",1.11646
42,"noan",0.52990191883624
42,"noap",0.469527423443284
42,"nor",1.38123
42,"oeu",0.659932378049513
42,"osea",0.566809253912094
42,"pol",0.57821
42,"prt",0.8525
42,"rcam",0.677428722501245
42,"rcz",0.57222
42,"rfa",1.08152
42,"ris",0.394271860780595
42,"rjan57",0.979984650850597
42,"rom",0.48921
42,"rsaf",0.449213431842169
42,"rsam",0.474792984460377
42,"rsas",0.338227045592511
42,"rsl",0.55067
42,"rus",0.4501
42,"slo",0.76177
42,"sui",1.39965
42,"swe",1.25505
42,"tha",0.39612
42,"tur",0.61809
42,"ukr",0.32768
42,"usa",1
42,"vnm",0.29724
42,"zaf",0.60863
43,"arg",0.43669
43,"aus",1.05929
43,"aut",1.09708
43,"bel",1.11992
43,"bgr",0.38021
43,"blt",0.554958265763977
43,"bra",0.56238
43,"can",1.0017
43,"chl",0.59654
43,"chn",0.42084
43,"cor",0.77037
43,"cro",0.65723
43,"dnk",1.43252
43,"egy",0.26947
43,"esp",0.95248
43,"fin",1.21818
43,"fra",1.15053
43,"gbr",1.15793
43,"golf57",0.545099780698169
43,"grc",0.89773
43,"hun",0.64306
43,"idn",0.40572
43,"irl",1.25872
43,"ita",1.07448
43,"jpn",1.17537
43,"meme",0.650981336034221
43,"mex",0.65406
43,"mys",0.45808
43,"nde",0.33256
43,"nld",1.11646
43,"noan",0.52990191883624
43,"noap",0.469527423443284
43,"nor",1.38123
43,"oeu",0.659932378049513
43,"osea",0.566809253912094
43,"pol",0.57821
43,"prt",0.8525
43,"rcam",0.677428722501245
43,"rcz",0.57222
43,"rfa",1.08152
43,"ris",0.394271860780595
43,"rjan57",0.979984650850597
43,"rom",0.48921
43,"rsaf",0.449213431842169
43,"rsam",0.474792984460377
43,"rsas",0.338227045592511
43,"rsl",0.55067
43,"rus",0.4501
43,"slo",0.76177
43,"sui",1.39965
43,"swe",1.25505
43,"tha",0.39612
43,"tur",0.61809
43,"ukr",0.32768
43,"usa",1
43,"vnm",0.29724
43,"zaf",0.60863
44,"arg",0.43669
44,"aus",1.05929
44,"aut",1.09708
44,"bel",1.11992
44,"bgr",0.38021
44,"blt",0.554958265763977
44,"bra",0.56238
44,"can",1.0017
44,"chl",0.59654
44,"chn",0.42084
44,"cor",0.77037
44,"cro",0.65723
44,"dnk",1.43252
44,"egy",0.26947
44,"esp",0.95248
44,"fin",1.21818
44,"fra",1.15053
44,"gbr",1.15793
44,"golf57",0.545099780698169
44,"grc",0.89773
44,"hun",0.64306
44,"idn",0.40572
44,"irl",1.25872
44,"ita",1.07448
44,"jpn",1.17537
44,"meme",0.650981336034221
44,"mex",0.65406
44,"mys",0.45808
44,"nde",0.33256
44,"nld",1.11646
44,"noan",0.52990191883624
44,"noap",0.469527423443284
44,"nor",1.38123
44,"oeu",0.659932378049513
44,"osea",0.566809253912094
44,"pol",0.57821
44,"prt",0.8525
44,"rcam",0.677428722501245
44,"rcz",0.57222
44,"rfa",1.08152
44,"ris",0.394271860780595
44,"rjan57",0.979984650850597
44,"rom",0.48921
44,"rsaf",0.449213431842169
44,"rsam",0.474792984460377
44,"rsas",0.338227045592511
44,"rsl",0.55067
44,"rus",0.4501
44,"slo",0.76177
44,"sui",1.39965
44,"swe",1.25505
44,"tha",0.39612
44,"tur",0.61809
44,"ukr",0.32768
44,"usa",1
44,"vnm",0.29724
44,"zaf",0.60863
45,"arg",0.43669
45,"aus",1.05929
45,"aut",1.09708
45,"bel",1.11992
45,"bgr",0.38021
45,"blt",0.554958265763977
45,"bra",0.56238
45,"can",1.0017
45,"chl",0.59654
45,"chn",0.42084
45,"cor",0.77037
45,"cro",0.65723
45,"dnk",1.43252
45,"egy",0.26947
45,"esp",0.95248
45,"fin",1.21818
45,"fra",1.15053
45,"gbr",1.15793
45,"golf57",0.545099780698169
45,"grc",0.89773
45,"hun",0.64306
45,"idn",0.40572
45,"irl",1.25872
45,"ita",1.07448
45,"jpn",1.17537
45,"meme",0.650981336034221
45,"mex",0.65406
45,"mys",0.45808
45,"nde",0.33256
45,"nld",1.11646
45,"noan",0.52990191883624
45,"noap",0.469527423443284
45,"nor",1.38123
45,"oeu",0.659932378049513
45,"osea",0.566809253912094
45,"pol",0.57821
45,"prt",0.8525
45,"rcam",0.677428722501245
45,"rcz",0.57222
45,"rfa",1.08152
45,"ris",0.394271860780595
45,"rjan57",0.979984650850597
45,"rom",0.48921
45,"rsaf",0.449213431842169
45,"rsam",0.474792984460377
45,"rsas",0.338227045592511
45,"rsl",0.55067
45,"rus",0.4501
45,"slo",0.76177
45,"sui",1.39965
45,"swe",1.25505
45,"tha",0.39612
45,"tur",0.61809
45,"ukr",0.32768
45,"usa",1
45,"vnm",0.29724
45,"zaf",0.60863
46,"arg",0.43669
46,"aus",1.05929
46,"aut",1.09708
46,"bel",1.11992
46,"bgr",0.38021
46,"blt",0.554958265763977
46,"bra",0.56238
46,"can",1.0017
46,"chl",0.59654
46,"chn",0.42084
46,"cor",0.77037
46,"cro",0.65723
46,"dnk",1.43252
46,"egy",0.26947
46,"esp",0.95248
46,"fin",1.21818
46,"fra",1.15053
46,"gbr",1.15793
46,"golf57",0.545099780698169
46,"grc",0.89773
46,"hun",0.64306
46,"idn",0.40572
46,"irl",1.25872
46,"ita",1.07448
46,"jpn",1.17537
46,"meme",0.650981336034221
46,"mex",0.65406
46,"mys",0.45808
46,"nde",0.33256
46,"nld",1.11646
46,"noan",0.52990191883624
46,"noap",0.469527423443284
46,"nor",1.38123
46,"oeu",0.659932378049513
46,"osea",0.566809253912094
46,"pol",0.57821
46,"prt",0.8525
46,"rcam",0.677428722501245
46,"rcz",0.57222
46,"rfa",1.08152
46,"ris",0.394271860780595
46,"rjan57",0.979984650850597
46,"rom",0.48921
46,"rsaf",0.449213431842169
46,"rsam",0.474792984460377
46,"rsas",0.338227045592511
46,"rsl",0.55067
46,"rus",0.4501
46,"slo",0.76177
46,"sui",1.39965
46,"swe",1.25505
46,"tha",0.39612
46,"tur",0.61809
46,"ukr",0.32768
46,"usa",1
46,"vnm",0.29724
46,"zaf",0.60863
47,"arg",0.43669
47,"aus",1.05929
47,"aut",1.09708
47,"bel",1.11992
47,"bgr",0.38021
47,"blt",0.554958265763977
47,"bra",0.56238
47,"can",1.0017
47,"chl",0.59654
47,"chn",0.42084
47,"cor",0.77037
47,"cro",0.65723
47,"dnk",1.43252
47,"egy",0.26947
47,"esp",0.95248
47,"fin",1.21818
47,"fra",1.15053
47,"gbr",1.15793
47,"golf57",0.545099780698169
47,"grc",0.89773
47,"hun",0.64306
47,"idn",0.40572
47,"irl",1.25872
47,"ita",1.07448
47,"jpn",1.17537
47,"meme",0.650981336034221
47,"mex",0.65406
47,"mys",0.45808
47,"nde",0.33256
47,"nld",1.11646
47,"noan",0.52990191883624
47,"noap",0.469527423443284
47,"nor",1.38123
47,"oeu",0.659932378049513
47,"osea",0.566809253912094
47,"pol",0.57821
47,"prt",0.8525
47,"rcam",0.677428722501245
47,"rcz",0.57222
47,"rfa",1.08152
47,"ris",0.394271860780595
47,"rjan57",0.979984650850597
47,"rom",0.48921
47,"rsaf",0.449213431842169
47,"rsam",0.474792984460377
47,"rsas",0.338227045592511
47,"rsl",0.55067
47,"rus",0.4501
47,"slo",0.76177
47,"sui",1.39965
47,"swe",1.25505
47,"tha",0.39612
47,"tur",0.61809
47,"ukr",0.32768
47,"usa",1
47,"vnm",0.29724
47,"zaf",0.60863
48,"arg",0.43669
48,"aus",1.05929
48,"aut",1.09708
48,"bel",1.11992
48,"bgr",0.38021
48,"blt",0.554958265763977
48,"bra",0.56238
48,"can",1.0017
48,"chl",0.59654
48,"chn",0.42084
48,"cor",0.77037
48,"cro",0.65723
48,"dnk",1.43252
48,"egy",0.26947
48,"esp",0.95248
48,"fin",1.21818
48,"fra",1.15053
48,"gbr",1.15793
48,"golf57",0.545099780698169
48,"grc",0.89773
48,"hun",0.64306
48,"idn",0.40572
48,"irl",1.25872
48,"ita",1.07448
48,"jpn",1.17537
48,"meme",0.650981336034221
48,"mex",0.65406
48,"mys",0.45808
48,"nde",0.33256
48,"nld",1.11646
48,"noan",0.52990191883624
48,"noap",0.469527423443284
48,"nor",1.38123
48,"oeu",0.659932378049513
48,"osea",0.566809253912094
48,"pol",0.57821
48,"prt",0.8525
48,"rcam",0.677428722501245
48,"rcz",0.57222
48,"rfa",1.08152
48,"ris",0.394271860780595
48,"rjan57",0.979984650850597
48,"rom",0.48921
48,"rsaf",0.449213431842169
48,"rsam",0.474792984460377
48,"rsas",0.338227045592511
48,"rsl",0.55067
48,"rus",0.4501
48,"slo",0.76177
48,"sui",1.39965
48,"swe",1.25505
48,"tha",0.39612
48,"tur",0.61809
48,"ukr",0.32768
48,"usa",1
48,"vnm",0.29724
48,"zaf",0.60863
49,"arg",0.43669
49,"aus",1.05929
49,"aut",1.09708
49,"bel",1.11992
49,"bgr",0.38021
49,"blt",0.554958265763977
49,"bra",0.56238
49,"can",1.0017
49,"chl",0.59654
49,"chn",0.42084
49,"cor",0.77037
49,"cro",0.65723
49,"dnk",1.43252
49,"egy",0.26947
49,"esp",0.95248
49,"fin",1.21818
49,"fra",1.15053
49,"gbr",1.15793
49,"golf57",0.545099780698169
49,"grc",0.89773
49,"hun",0.64306
49,"idn",0.40572
49,"irl",1.25872
49,"ita",1.07448
49,"jpn",1.17537
49,"meme",0.650981336034221
49,"mex",0.65406
49,"mys",0.45808
49,"nde",0.33256
49,"nld",1.11646
49,"noan",0.52990191883624
49,"noap",0.469527423443284
49,"nor",1.38123
49,"oeu",0.659932378049513
49,"osea",0.566809253912094
49,"pol",0.57821
49,"prt",0.8525
49,"rcam",0.677428722501245
49,"rcz",0.57222
49,"rfa",1.08152
49,"ris",0.394271860780595
49,"rjan57",0.979984650850597
49,"rom",0.48921
49,"rsaf",0.449213431842169
49,"rsam",0.474792984460377
49,"rsas",0.338227045592511
49,"rsl",0.55067
49,"rus",0.4501
49,"slo",0.76177
49,"sui",1.39965
49,"swe",1.25505
49,"tha",0.39612
49,"tur",0.61809
49,"ukr",0.32768
49,"usa",1
49,"vnm",0.29724
49,"zaf",0.60863
50,"arg",0.43669
50,"aus",1.05929
50,"aut",1.09708
50,"bel",1.11992
50,"bgr",0.38021
50,"blt",0.554958265763977
50,"bra",0.56238
50,"can",1.0017
50,"chl",0.59654
50,"chn",0.42084
50,"cor",0.77037
50,"cro",0.65723
50,"dnk",1.43252
50,"egy",0.26947
50,"esp",0.95248
50,"fin",1.21818
50,"fra",1.15053
50,"gbr",1.15793
50,"golf57",0.545099780698169
50,"grc",0.89773
50,"hun",0.64306
50,"idn",0.40572
50,"irl",1.25872
50,"ita",1.07448
50,"jpn",1.17537
50,"meme",0.650981336034221
50,"mex",0.65406
50,"mys",0.45808
50,"nde",0.33256
50,"nld",1.11646
50,"noan",0.52990191883624
50,"noap",0.469527423443284
50,"nor",1.38123
50,"oeu",0.659932378049513
50,"osea",0.566809253912094
50,"pol",0.57821
50,"prt",0.8525
50,"rcam",0.677428722501245
50,"rcz",0.57222
50,"rfa",1.08152
50,"ris",0.394271860780595
50,"rjan57",0.979984650850597
50,"rom",0.48921
50,"rsaf",0.449213431842169
50,"rsam",0.474792984460377
50,"rsas",0.338227045592511
50,"rsl",0.55067
50,"rus",0.4501
50,"slo",0.76177
50,"sui",1.39965
50,"swe",1.25505
50,"tha",0.39612
50,"tur",0.61809
50,"ukr",0.32768
50,"usa",1
50,"vnm",0.29724
50,"zaf",0.60863
51,"arg",0.43669
51,"aus",1.05929
51,"aut",1.09708
51,"bel",1.11992
51,"bgr",0.38021
51,"blt",0.554958265763977
51,"bra",0.56238
51,"can",1.0017
51,"chl",0.59654
51,"chn",0.42084
51,"cor",0.77037
51,"cro",0.65723
51,"dnk",1.43252
51,"egy",0.26947
51,"esp",0.95248
51,"fin",1.21818
51,"fra",1.15053
51,"gbr",1.15793
51,"golf57",0.545099780698169
51,"grc",0.89773
51,"hun",0.64306
51,"idn",0.40572
51,"irl",1.25872
51,"ita",1.07448
51,"jpn",1.17537
51,"meme",0.650981336034221
51,"mex",0.65406
51,"mys",0.45808
51,"nde",0.33256
51,"nld",1.11646
51,"noan",0.52990191883624
51,"noap",0.469527423443284
51,"nor",1.38123
51,"oeu",0.659932378049513
51,"osea",0.566809253912094
51,"pol",0.57821
51,"prt",0.8525
51,"rcam",0.677428722501245
51,"rcz",0.57222
51,"rfa",1.08152
51,"ris",0.394271860780595
51,"rjan57",0.979984650850597
51,"rom",0.48921
51,"rsaf",0.449213431842169
51,"rsam",0.474792984460377
51,"rsas",0.338227045592511
51,"rsl",0.55067
51,"rus",0.4501
51,"slo",0.76177
51,"sui",1.39965
51,"swe",1.25505
51,"tha",0.39612
51,"tur",0.61809
51,"ukr",0.32768
51,"usa",1
51,"vnm",0.29724
51,"zaf",0.60863
52,"arg",0.43669
52,"aus",1.05929
52,"aut",1.09708
52,"bel",1.11992
52,"bgr",0.38021
52,"blt",0.554958265763977
52,"bra",0.56238
52,"can",1.0017
52,"chl",0.59654
52,"chn",0.42084
52,"cor",0.77037
52,"cro",0.65723
52,"dnk",1.43252
52,"egy",0.26947
52,"esp",0.95248
52,"fin",1.21818
52,"fra",1.15053
52,"gbr",1.15793
52,"golf57",0.545099780698169
52,"grc",0.89773
52,"hun",0.64306
52,"idn",0.40572
52,"irl",1.25872
52,"ita",1.07448
52,"jpn",1.17537
52,"meme",0.650981336034221
52,"mex",0.65406
52,"mys",0.45808
52,"nde",0.33256
52,"nld",1.11646
52,"noan",0.52990191883624
52,"noap",0.469527423443284
52,"nor",1.38123
52,"oeu",0.659932378049513
52,"osea",0.566809253912094
52,"pol",0.57821
52,"prt",0.8525
52,"rcam",0.677428722501245
52,"rcz",0.57222
52,"rfa",1.08152
52,"ris",0.394271860780595
52,"rjan57",0.979984650850597
52,"rom",0.48921
52,"rsaf",0.449213431842169
52,"rsam",0.474792984460377
52,"rsas",0.338227045592511
52,"rsl",0.55067
52,"rus",0.4501
52,"slo",0.76177
52,"sui",1.39965
52,"swe",1.25505
52,"tha",0.39612
52,"tur",0.61809
52,"ukr",0.32768
52,"usa",1
52,"vnm",0.29724
52,"zaf",0.60863
53,"arg",0.43669
53,"aus",1.05929
53,"aut",1.09708
53,"bel",1.11992
53,"bgr",0.38021
53,"blt",0.554958265763977
53,"bra",0.56238
53,"can",1.0017
53,"chl",0.59654
53,"chn",0.42084
53,"cor",0.77037
53,"cro",0.65723
53,"dnk",1.43252
53,"egy",0.26947
53,"esp",0.95248
53,"fin",1.21818
53,"fra",1.15053
53,"gbr",1.15793
53,"golf57",0.545099780698169
53,"grc",0.89773
53,"hun",0.64306
53,"idn",0.40572
53,"irl",1.25872
53,"ita",1.07448
53,"jpn",1.17537
53,"meme",0.650981336034221
53,"mex",0.65406
53,"mys",0.45808
53,"nde",0.33256
53,"nld",1.11646
53,"noan",0.52990191883624
53,"noap",0.469527423443284
53,"nor",1.38123
53,"oeu",0.659932378049513
53,"osea",0.566809253912094
53,"pol",0.57821
53,"prt",0.8525
53,"rcam",0.677428722501245
53,"rcz",0.57222
53,"rfa",1.08152
53,"ris",0.394271860780595
53,"rjan57",0.979984650850597
53,"rom",0.48921
53,"rsaf",0.449213431842169
53,"rsam",0.474792984460377
53,"rsas",0.338227045592511
53,"rsl",0.55067
53,"rus",0.4501
53,"slo",0.76177
53,"sui",1.39965
53,"swe",1.25505
53,"tha",0.39612
53,"tur",0.61809
53,"ukr",0.32768
53,"usa",1
53,"vnm",0.29724
53,"zaf",0.60863
54,"arg",0.43669
54,"aus",1.05929
54,"aut",1.09708
54,"bel",1.11992
54,"bgr",0.38021
54,"blt",0.554958265763977
54,"bra",0.56238
54,"can",1.0017
54,"chl",0.59654
54,"chn",0.42084
54,"cor",0.77037
54,"cro",0.65723
54,"dnk",1.43252
54,"egy",0.26947
54,"esp",0.95248
54,"fin",1.21818
54,"fra",1.15053
54,"gbr",1.15793
54,"golf57",0.545099780698169
54,"grc",0.89773
54,"hun",0.64306
54,"idn",0.40572
54,"irl",1.25872
54,"ita",1.07448
54,"jpn",1.17537
54,"meme",0.650981336034221
54,"mex",0.65406
54,"mys",0.45808
54,"nde",0.33256
54,"nld",1.11646
54,"noan",0.52990191883624
54,"noap",0.469527423443284
54,"nor",1.38123
54,"oeu",0.659932378049513
54,"osea",0.566809253912094
54,"pol",0.57821
54,"prt",0.8525
54,"rcam",0.677428722501245
54,"rcz",0.57222
54,"rfa",1.08152
54,"ris",0.394271860780595
54,"rjan57",0.979984650850597
54,"rom",0.48921
54,"rsaf",0.449213431842169
54,"rsam",0.474792984460377
54,"rsas",0.338227045592511
54,"rsl",0.55067
54,"rus",0.4501
54,"slo",0.76177
54,"sui",1.39965
54,"swe",1.25505
54,"tha",0.39612
54,"tur",0.61809
54,"ukr",0.32768
54,"usa",1
54,"vnm",0.29724
54,"zaf",0.60863
55,"arg",0.43669
55,"aus",1.05929
55,"aut",1.09708
55,"bel",1.11992
55,"bgr",0.38021
55,"blt",0.554958265763977
55,"bra",0.56238
55,"can",1.0017
55,"chl",0.59654
55,"chn",0.42084
55,"cor",0.77037
55,"cro",0.65723
55,"dnk",1.43252
55,"egy",0.26947
55,"esp",0.95248
55,"fin",1.21818
55,"fra",1.15053
55,"gbr",1.15793
55,"golf57",0.545099780698169
55,"grc",0.89773
55,"hun",0.64306
55,"idn",0.40572
55,"irl",1.25872
55,"ita",1.07448
55,"jpn",1.17537
55,"meme",0.650981336034221
55,"mex",0.65406
55,"mys",0.45808
55,"nde",0.33256
55,"nld",1.11646
55,"noan",0.52990191883624
55,"noap",0.469527423443284
55,"nor",1.38123
55,"oeu",0.659932378049513
55,"osea",0.566809253912094
55,"pol",0.57821
55,"prt",0.8525
55,"rcam",0.677428722501245
55,"rcz",0.57222
55,"rfa",1.08152
55,"ris",0.394271860780595
55,"rjan57",0.979984650850597
55,"rom",0.48921
55,"rsaf",0.449213431842169
55,"rsam",0.474792984460377
55,"rsas",0.338227045592511
55,"rsl",0.55067
55,"rus",0.4501
55,"slo",0.76177
55,"sui",1.39965
55,"swe",1.25505
55,"tha",0.39612
55,"tur",0.61809
55,"ukr",0.32768
55,"usa",1
55,"vnm",0.29724
55,"zaf",0.60863
56,"arg",0.43669
56,"aus",1.05929
56,"aut",1.09708
56,"bel",1.11992
56,"bgr",0.38021
56,"blt",0.554958265763977
56,"bra",0.56238
56,"can",1.0017
56,"chl",0.59654
56,"chn",0.42084
56,"cor",0.77037
56,"cro",0.65723
56,"dnk",1.43252
56,"egy",0.26947
56,"esp",0.95248
56,"fin",1.21818
56,"fra",1.15053
56,"gbr",1.15793
56,"golf57",0.545099780698169
56,"grc",0.89773
56,"hun",0.64306
56,"idn",0.40572
56,"irl",1.25872
56,"ita",1.07448
56,"jpn",1.17537
56,"meme",0.650981336034221
56,"mex",0.65406
56,"mys",0.45808
56,"nde",0.33256
56,"nld",1.11646
56,"noan",0.52990191883624
56,"noap",0.469527423443284
56,"nor",1.38123
56,"oeu",0.659932378049513
56,"osea",0.566809253912094
56,"pol",0.57821
56,"prt",0.8525
56,"rcam",0.677428722501245
56,"rcz",0.57222
56,"rfa",1.08152
56,"ris",0.394271860780595
56,"rjan57",0.979984650850597
56,"rom",0.48921
56,"rsaf",0.449213431842169
56,"rsam",0.474792984460377
56,"rsas",0.338227045592511
56,"rsl",0.55067
56,"rus",0.4501
56,"slo",0.76177
56,"sui",1.39965
56,"swe",1.25505
56,"tha",0.39612
56,"tur",0.61809
56,"ukr",0.32768
56,"usa",1
56,"vnm",0.29724
56,"zaf",0.60863
57,"arg",0.43669
57,"aus",1.05929
57,"aut",1.09708
57,"bel",1.11992
57,"bgr",0.38021
57,"blt",0.554958265763977
57,"bra",0.56238
57,"can",1.0017
57,"chl",0.59654
57,"chn",0.42084
57,"cor",0.77037
57,"cro",0.65723
57,"dnk",1.43252
57,"egy",0.26947
57,"esp",0.95248
57,"fin",1.21818
57,"fra",1.15053
57,"gbr",1.15793
57,"golf57",0.545099780698169
57,"grc",0.89773
57,"hun",0.64306
57,"idn",0.40572
57,"irl",1.25872
57,"ita",1.07448
57,"jpn",1.17537
57,"meme",0.650981336034221
57,"mex",0.65406
57,"mys",0.45808
57,"nde",0.33256
57,"nld",1.11646
57,"noan",0.52990191883624
57,"noap",0.469527423443284
57,"nor",1.38123
57,"oeu",0.659932378049513
57,"osea",0.566809253912094
57,"pol",0.57821
57,"prt",0.8525
57,"rcam",0.677428722501245
57,"rcz",0.57222
57,"rfa",1.08152
57,"ris",0.394271860780595
57,"rjan57",0.979984650850597
57,"rom",0.48921
57,"rsaf",0.449213431842169
57,"rsam",0.474792984460377
57,"rsas",0.338227045592511
57,"rsl",0.55067
57,"rus",0.4501
57,"slo",0.76177
57,"sui",1.39965
57,"swe",1.25505
57,"tha",0.39612
57,"tur",0.61809
57,"ukr",0.32768
57,"usa",1
57,"vnm",0.29724
57,"zaf",0.60863
58,"arg",0.43669
58,"aus",1.05929
58,"aut",1.09708
58,"bel",1.11992
58,"bgr",0.38021
58,"blt",0.554958265763977
58,"bra",0.56238
58,"can",1.0017
58,"chl",0.59654
58,"chn",0.42084
58,"cor",0.77037
58,"cro",0.65723
58,"dnk",1.43252
58,"egy",0.26947
58,"esp",0.95248
58,"fin",1.21818
58,"fra",1.15053
58,"gbr",1.15793
58,"golf57",0.545099780698169
58,"grc",0.89773
58,"hun",0.64306
58,"idn",0.40572
58,"irl",1.25872
58,"ita",1.07448
58,"jpn",1.17537
58,"meme",0.650981336034221
58,"mex",0.65406
58,"mys",0.45808
58,"nde",0.33256
58,"nld",1.11646
58,"noan",0.52990191883624
58,"noap",0.469527423443284
58,"nor",1.38123
58,"oeu",0.659932378049513
58,"osea",0.566809253912094
58,"pol",0.57821
58,"prt",0.8525
58,"rcam",0.677428722501245
58,"rcz",0.57222
58,"rfa",1.08152
58,"ris",0.394271860780595
58,"rjan57",0.979984650850597
58,"rom",0.48921
58,"rsaf",0.449213431842169
58,"rsam",0.474792984460377
58,"rsas",0.338227045592511
58,"rsl",0.55067
58,"rus",0.4501
58,"slo",0.76177
58,"sui",1.39965
58,"swe",1.25505
58,"tha",0.39612
58,"tur",0.61809
58,"ukr",0.32768
58,"usa",1
58,"vnm",0.29724
58,"zaf",0.60863
